cluster,intra_edges,total_edges,insularity
2,15,53,0.2830188679245283
3,22,234,0.09401709401709402
4,96,425,0.22588235294117648
5,403,703,0.5732574679943101
6,75,153,0.49019607843137253
7,136,383,0.35509138381201044
